{
  "accuracy": 0.8901220865704772,
  "precision": 0.8927722208869936,
  "recall": 0.8920715837642352,
  "confusion_matrix": [
    [120, 2, 8, 0, 1, 3],
    [0, 138, 1, 0, 0, 11],
    [6, 2, 135, 0, 7, 2],
    [3, 18, 1, 143, 1, 7],
    [0, 1, 7, 1, 130, 3],
    [4, 3, 4, 2, 1, 136]
  ],
  "classification_report": {
    "books": {
      "precision": 0.9022556390977443,
      "recall": 0.8955223880597015,
      "f1-score": 0.898876404494382,
      "support": 134.0
    },
    "camera": {
      "precision": 0.8414634146341463,
      "recall": 0.92,
      "f1-score": 0.8789808917197452,
      "support": 150.0
    },
    "dvd": {
      "precision": 0.8653846153846154,
      "recall": 0.8881578947368421,
      "f1-score": 0.8766233766233766,
      "support": 152.0
    },
    "health": {
      "precision": 0.9794520547945206,
      "recall": 0.8265895953757225,
      "f1-score": 0.896551724137931,
      "support": 173.0
    },
    "music": {
      "precision": 0.9285714285714286,
      "recall": 0.9154929577464789,
      "f1-score": 0.9219858156028369,
      "support": 142.0
    },
    "software": {
      "precision": 0.8395061728395061,
      "recall": 0.9066666666666666,
      "f1-score": 0.8717948717948718,
      "support": 150.0
    },
    "accuracy": 0.8901220865704772,
    "macro avg": {
      "precision": 0.8927722208869936,
      "recall": 0.8920715837642352,
      "f1-score": 0.8908021807288572,
      "support": 901.0
    },
    "weighted avg": {
      "precision": 0.8944378508714785,
      "recall": 0.8901220865704772,
      "f1-score": 0.8904972142815294,
      "support": 901.0
    }
  },
  "feature_used": {
    "TF-IDf": true,
    "stemming": true,
    "lemmatisation": true
  },
  "algorithm": "naive_bayes",
  "averaging": "macro"
}
